"","partido","microGap","Dimensão","Período"
"1","PSDB",0.544444444444445,"Pró Estado V.S Pró Mercado","2014-2014"
"2","PT",0.455555555555556,"Pró Estado V.S Pró Mercado","2014-2014"
"3","PSDB",0.544444444444445,"Pró Estado V.S Pró Mercado","2014-2014"
"4","PSB",0.455555555555556,"Pró Estado V.S Pró Mercado","2014-2014"
"5","PSB",0.0444444444444445,"Pró Estado V.S Pró Mercado","2014-2014"
"6","PT",0.544444444444445,"Pró Estado V.S Pró Mercado","2014-2014"
"7","PSDB",0.294444444444444,"Pró Estado V.S Pró Mercado","2014-2014"
"8","PMDB",0.544444444444445,"Pró Estado V.S Pró Mercado","2014-2014"
"9","PDT",0.294444444444444,"Pró Estado V.S Pró Mercado","2014-2014"
"10","PDT",0.455555555555556,"Pró Estado V.S Pró Mercado","2014-2014"
"11","PMDB",0.0444444444444445,"Pró Estado V.S Pró Mercado","2014-2014"
"12","PT",0.544444444444445,"Pró Estado V.S Pró Mercado","2014-2014"
"13","PT",0.544444444444445,"Pró Estado V.S Pró Mercado","2014-2014"
"14","PT",0.205555555555556,"Pró Estado V.S Pró Mercado","2014-2014"
"15","PT",0.544444444444445,"Pró Estado V.S Pró Mercado","2014-2014"
"16","PT",0.0444444444444445,"Pró Estado V.S Pró Mercado","2014-2014"
"17","PT",0.205555555555556,"Pró Estado V.S Pró Mercado","2014-2014"
"18","PT",0.455555555555556,"Pró Estado V.S Pró Mercado","2014-2014"
"19","PT",0.455555555555556,"Pró Estado V.S Pró Mercado","2014-2014"
"20","PT",0.294444444444444,"Pró Estado V.S Pró Mercado","2014-2014"
"21","PT",0.0444444444444445,"Pró Estado V.S Pró Mercado","2014-2014"
"22","PMDB",0.0444444444444445,"Pró Estado V.S Pró Mercado","2014-2014"
"23","PSDB",0.455555555555556,"Pró Estado V.S Pró Mercado","2014-2014"
"24","PT",0.0444444444444445,"Pró Estado V.S Pró Mercado","2014-2014"
"25","PSDB",0.0444444444444445,"Pró Estado V.S Pró Mercado","2014-2014"
"26","PSDB",0.455555555555556,"Pró Estado V.S Pró Mercado","2014-2014"
"27","PT",0.455555555555556,"Pró Estado V.S Pró Mercado","2014-2014"
"28","PT",0.0444444444444445,"Pró Estado V.S Pró Mercado","2014-2014"
"29","PT",0.205555555555556,"Pró Estado V.S Pró Mercado","2014-2014"
"30","PDT",0.0444444444444445,"Pró Estado V.S Pró Mercado","2014-2014"
"31","PT",0.294444444444444,"Pró Estado V.S Pró Mercado","2014-2014"
"32","PT",0.205555555555556,"Pró Estado V.S Pró Mercado","2014-2014"
"33","PSDB",0.294444444444444,"Pró Estado V.S Pró Mercado","2014-2014"
"34","PSB",0.455555555555556,"Pró Estado V.S Pró Mercado","2014-2014"
"35","PSDB",0.544444444444445,"Pró Estado V.S Pró Mercado","2014-2014"
"36","PSDB",0.544444444444445,"Pró Estado V.S Pró Mercado","2014-2014"
"37","PMDB",0.544444444444445,"Pró Estado V.S Pró Mercado","2014-2014"
"38","PMDB",0.294444444444444,"Pró Estado V.S Pró Mercado","2014-2014"
"39","PT",0.0444444444444445,"Pró Estado V.S Pró Mercado","2014-2014"
"40","PSDB",0.544444444444445,"Pró Estado V.S Pró Mercado","2014-2014"
"41","PT",0.294444444444444,"Pró Estado V.S Pró Mercado","2014-2014"
"42","PMDB",0.294444444444444,"Pró Estado V.S Pró Mercado","2014-2014"
"43","PMDB",0.544444444444445,"Pró Estado V.S Pró Mercado","2014-2014"
"44","PT",0.455555555555556,"Pró Estado V.S Pró Mercado","2014-2014"
"45","PMDB",0.455555555555556,"Pró Estado V.S Pró Mercado","2014-2014"
"46","PSDB",0.455555555555556,"Pró Estado V.S Pró Mercado","2014-2014"
"47","PT",0.455555555555556,"Pró Estado V.S Pró Mercado","2014-2014"
"48","PT",0.0444444444444445,"Pró Estado V.S Pró Mercado","2014-2014"
"49","PT",0.544444444444445,"Pró Estado V.S Pró Mercado","2014-2014"
"50","PSDB",0.544444444444445,"Pró Estado V.S Pró Mercado","2014-2014"
"51","PT",0.544444444444445,"Pró Estado V.S Pró Mercado","2014-2014"
"52","PT",0.0444444444444445,"Pró Estado V.S Pró Mercado","2014-2014"
"53","PSDB",0.455555555555556,"Pró Estado V.S Pró Mercado","2014-2014"
"54","PMDB",0.455555555555556,"Pró Estado V.S Pró Mercado","2014-2014"
"55","PT",0.294444444444444,"Pró Estado V.S Pró Mercado","2014-2014"
"56","PSDB",0.544444444444445,"Pró Estado V.S Pró Mercado","2014-2014"
"57","PT",0.544444444444445,"Pró Estado V.S Pró Mercado","2014-2014"
"58","PT",0.205555555555556,"Pró Estado V.S Pró Mercado","2014-2014"
"59","PSDB",0.544444444444445,"Pró Estado V.S Pró Mercado","2014-2014"
"60","PT",0.294444444444444,"Pró Estado V.S Pró Mercado","2014-2014"
"61","PT",0.0444444444444445,"Pró Estado V.S Pró Mercado","2014-2014"
"62","PT",0.0444444444444445,"Pró Estado V.S Pró Mercado","2014-2014"
"63","PT",0.544444444444445,"Pró Estado V.S Pró Mercado","2014-2014"
"64","PT",0.294444444444444,"Pró Estado V.S Pró Mercado","2014-2014"
"65","PMDB",0.0444444444444445,"Pró Estado V.S Pró Mercado","2014-2014"
"66","PT",0.294444444444444,"Pró Estado V.S Pró Mercado","2014-2014"
"67","PSDB",0.0444444444444445,"Pró Estado V.S Pró Mercado","2014-2014"
"68","PSDB",0.0444444444444445,"Pró Estado V.S Pró Mercado","2014-2014"
"69","PMDB",0.544444444444445,"Pró Estado V.S Pró Mercado","2014-2014"
"70","PT",0.544444444444445,"Pró Estado V.S Pró Mercado","2014-2014"
"71","PT",0.455555555555556,"Pró Estado V.S Pró Mercado","2014-2014"
"72","PSDB",0.544444444444445,"Pró Estado V.S Pró Mercado","2014-2014"
"73","PT",0.455555555555556,"Pró Estado V.S Pró Mercado","2014-2014"
"74","PMDB",0.455555555555556,"Pró Estado V.S Pró Mercado","2014-2014"
"75","PSDB",0.455555555555556,"Pró Estado V.S Pró Mercado","2014-2014"
"76","PMDB",0.294444444444444,"Pró Estado V.S Pró Mercado","2014-2014"
"77","PSDB",0.455555555555556,"Pró Estado V.S Pró Mercado","2014-2014"
"78","PMDB",0.205555555555556,"Pró Estado V.S Pró Mercado","2014-2014"
"79","PT",0.544444444444445,"Pró Estado V.S Pró Mercado","2014-2014"
"80","PMDB",0.0444444444444445,"Pró Estado V.S Pró Mercado","2014-2014"
"81","PT",0.544444444444445,"Pró Estado V.S Pró Mercado","2014-2014"
"82","PMDB",0.455555555555556,"Pró Estado V.S Pró Mercado","2014-2014"
"83","PT",0.205555555555556,"Pró Estado V.S Pró Mercado","2014-2014"
"84","PSB",0.205555555555556,"Pró Estado V.S Pró Mercado","2014-2014"
"85","PSB",0.455555555555556,"Pró Estado V.S Pró Mercado","2014-2014"
"86","PSB",0.205555555555556,"Pró Estado V.S Pró Mercado","2014-2014"
"87","PT",0.205555555555556,"Pró Estado V.S Pró Mercado","2014-2014"
"88","PT",0.0444444444444445,"Pró Estado V.S Pró Mercado","2014-2014"
"89","PT",0.455555555555556,"Pró Estado V.S Pró Mercado","2014-2014"
"90","PT",0.455555555555556,"Pró Estado V.S Pró Mercado","2014-2014"
"91","PT",0.544444444444445,"Pró Estado V.S Pró Mercado","2014-2014"
"92","PT",0.205555555555556,"Pró Estado V.S Pró Mercado","2014-2014"
"93","PSDB",0.544444444444445,"Pró Estado V.S Pró Mercado","2014-2014"
"94","PSB",0.544444444444445,"Pró Estado V.S Pró Mercado","2014-2014"
"95","PSB",0.544444444444445,"Pró Estado V.S Pró Mercado","2014-2014"
"96","PSB",0.544444444444445,"Pró Estado V.S Pró Mercado","2014-2014"
"97","PT",0.544444444444445,"Pró Estado V.S Pró Mercado","2014-2014"
"98","PT",0.205555555555556,"Pró Estado V.S Pró Mercado","2014-2014"
"99","PT",0.455555555555556,"Pró Estado V.S Pró Mercado","2014-2014"
"100","PT",0.0444444444444445,"Pró Estado V.S Pró Mercado","2014-2014"
"101","PMDB",0.294444444444444,"Pró Estado V.S Pró Mercado","2014-2014"
"102","PSB",0.205555555555556,"Pró Estado V.S Pró Mercado","2014-2014"
"103","PMDB",0.544444444444445,"Pró Estado V.S Pró Mercado","2014-2014"
"104","PT",0.544444444444445,"Pró Estado V.S Pró Mercado","2014-2014"
"105","PSDB",0.544444444444445,"Pró Estado V.S Pró Mercado","2014-2014"
"106","PSB",0.544444444444445,"Pró Estado V.S Pró Mercado","2014-2014"
"107","PMDB",0.294444444444444,"Pró Estado V.S Pró Mercado","2014-2014"
"108","PT",0.544444444444445,"Pró Estado V.S Pró Mercado","2014-2014"
"109","PDT",0.544444444444445,"Pró Estado V.S Pró Mercado","2014-2014"
"110","PT",0.455555555555556,"Pró Estado V.S Pró Mercado","2014-2014"
"111","PDT",0.205555555555556,"Pró Estado V.S Pró Mercado","2014-2014"
"112","PT",0.0444444444444445,"Pró Estado V.S Pró Mercado","2014-2014"
"113","PSDB",0.294444444444444,"Pró Estado V.S Pró Mercado","2014-2014"
"114","PT",0.205555555555556,"Pró Estado V.S Pró Mercado","2014-2014"
"115","PT",0.544444444444445,"Pró Estado V.S Pró Mercado","2014-2014"
"116","PMDB",0.544444444444445,"Pró Estado V.S Pró Mercado","2014-2014"
"117","PMDB",0.544444444444445,"Pró Estado V.S Pró Mercado","2014-2014"
"118","PSDB",0.0444444444444445,"Pró Estado V.S Pró Mercado","2014-2014"
"119","PT",0.0444444444444445,"Pró Estado V.S Pró Mercado","2014-2014"
"120","PDT",0.294444444444444,"Pró Estado V.S Pró Mercado","2014-2014"
"121","PT",0.455555555555556,"Pró Estado V.S Pró Mercado","2014-2014"
"122","PT",0.205555555555556,"Pró Estado V.S Pró Mercado","2014-2014"
"123","PMDB",0.455555555555556,"Pró Estado V.S Pró Mercado","2014-2014"
"124","PDT",0.0444444444444445,"Pró Estado V.S Pró Mercado","2014-2014"
"125","PT",0.294444444444444,"Pró Estado V.S Pró Mercado","2014-2014"
"126","PT",0.0444444444444445,"Pró Estado V.S Pró Mercado","2014-2014"
"127","PT",0.544444444444445,"Pró Estado V.S Pró Mercado","2014-2014"
"128","PT",0.455555555555556,"Pró Estado V.S Pró Mercado","2014-2014"
"129","PT",0.455555555555556,"Pró Estado V.S Pró Mercado","2014-2014"
"130","PT",0.455555555555556,"Pró Estado V.S Pró Mercado","2014-2014"
"131","PT",0.455555555555556,"Pró Estado V.S Pró Mercado","2014-2014"
"132","PDT",0.0444444444444445,"Pró Estado V.S Pró Mercado","2014-2014"
"133","PT",0.455555555555556,"Pró Estado V.S Pró Mercado","2014-2014"
"134","PSB",0.0444444444444445,"Pró Estado V.S Pró Mercado","2014-2014"
"135","PT",0.455555555555556,"Pró Estado V.S Pró Mercado","2014-2014"
"136","PT",0.544444444444445,"Pró Estado V.S Pró Mercado","2014-2014"
"137","PDT",0.455555555555556,"Pró Estado V.S Pró Mercado","2014-2014"
"138","PDT",0.294444444444444,"Pró Estado V.S Pró Mercado","2014-2014"
"139","PMDB",0.544444444444445,"Pró Estado V.S Pró Mercado","2014-2014"
"140","PMDB",0.544444444444445,"Pró Estado V.S Pró Mercado","2014-2014"
"141","PMDB",0.0444444444444445,"Pró Estado V.S Pró Mercado","2014-2014"
"142","PMDB",0.0444444444444445,"Pró Estado V.S Pró Mercado","2014-2014"
"143","PDT",0.544444444444445,"Pró Estado V.S Pró Mercado","2014-2014"
"144","PT",0.544444444444445,"Pró Estado V.S Pró Mercado","2014-2014"
"145","PT",0.0444444444444445,"Pró Estado V.S Pró Mercado","2014-2014"
"146","PT",0.544444444444445,"Pró Estado V.S Pró Mercado","2014-2014"
"147","PDT",0.544444444444445,"Pró Estado V.S Pró Mercado","2014-2014"
"148","PT",0.0444444444444445,"Pró Estado V.S Pró Mercado","2014-2014"
"149","PSB",0.294444444444444,"Pró Estado V.S Pró Mercado","2014-2014"
"150","PT",0.294444444444444,"Pró Estado V.S Pró Mercado","2014-2014"
"151","PSDB",0.544444444444445,"Pró Estado V.S Pró Mercado","2014-2014"
"152","PSDB",0.205555555555556,"Pró Estado V.S Pró Mercado","2014-2014"
"153","PT",0.0444444444444445,"Pró Estado V.S Pró Mercado","2014-2014"
"154","PT",0.544444444444445,"Pró Estado V.S Pró Mercado","2014-2014"
"155","PSDB",0.544444444444445,"Pró Estado V.S Pró Mercado","2014-2014"
"156","PT",0.205555555555556,"Pró Estado V.S Pró Mercado","2014-2014"
"157","PT",0.455555555555556,"Pró Estado V.S Pró Mercado","2014-2014"
"158","PT",0.0444444444444445,"Pró Estado V.S Pró Mercado","2014-2014"
"159","PSDB",0.544444444444445,"Pró Estado V.S Pró Mercado","2014-2014"
"160","PSDB",0.205555555555556,"Pró Estado V.S Pró Mercado","2014-2014"
"161","PT",0.544444444444445,"Pró Estado V.S Pró Mercado","2014-2014"
"162","PT",0.294444444444444,"Pró Estado V.S Pró Mercado","2014-2014"
"163","PT",0.544444444444445,"Pró Estado V.S Pró Mercado","2014-2014"
"164","PT",0.544444444444445,"Pró Estado V.S Pró Mercado","2014-2014"
"165","PT",0.294444444444444,"Pró Estado V.S Pró Mercado","2014-2014"
"166","PT",0.294444444444444,"Pró Estado V.S Pró Mercado","2014-2014"
"167","PT",0.544444444444445,"Pró Estado V.S Pró Mercado","2014-2014"
"168","PSDB",0.544444444444445,"Pró Estado V.S Pró Mercado","2014-2014"
"169","PT",0.544444444444445,"Pró Estado V.S Pró Mercado","2014-2014"
"170","PSDB",0.0444444444444445,"Pró Estado V.S Pró Mercado","2014-2014"
"171","PSDB",0.544444444444445,"Pró Estado V.S Pró Mercado","2014-2014"
"172","PSDB",0.0444444444444445,"Pró Estado V.S Pró Mercado","2014-2014"
"173","PMDB",0.294444444444444,"Pró Estado V.S Pró Mercado","2014-2014"
"174","PSDB",0.455555555555556,"Pró Estado V.S Pró Mercado","2014-2014"
"175","PMDB",0.455555555555556,"Pró Estado V.S Pró Mercado","2014-2014"
"176","PSB",0.0444444444444445,"Pró Estado V.S Pró Mercado","2014-2014"
"177","PSDB",0.455555555555556,"Pró Estado V.S Pró Mercado","2014-2014"
"178","PT",0.205555555555556,"Pró Estado V.S Pró Mercado","2014-2014"
"179","PMDB",0.205555555555556,"Pró Estado V.S Pró Mercado","2014-2014"
"180","PT",0.294444444444444,"Pró Estado V.S Pró Mercado","2014-2014"
"181","PSDB",0.0444444444444445,"Pró Estado V.S Pró Mercado","2014-2014"
"182","PDT",0.544444444444445,"Pró Estado V.S Pró Mercado","2014-2014"
"183","PT",0.455555555555556,"Pró Estado V.S Pró Mercado","2014-2014"
"184","PMDB",0.455555555555556,"Pró Estado V.S Pró Mercado","2014-2014"
"185","PMDB",0.294444444444444,"Pró Estado V.S Pró Mercado","2014-2014"
"186","PSDB",0.0444444444444445,"Pró Estado V.S Pró Mercado","2014-2014"
"187","PDT",0.205555555555556,"Pró Estado V.S Pró Mercado","2014-2014"
"188","PDT",0.205555555555556,"Pró Estado V.S Pró Mercado","2014-2014"
"189","PSDB",0.455555555555556,"Pró Estado V.S Pró Mercado","2014-2014"
"190","PT",0.0444444444444445,"Pró Estado V.S Pró Mercado","2014-2014"
"191","PT",0.0444444444444445,"Pró Estado V.S Pró Mercado","2014-2014"
"192","PMDB",0.455555555555556,"Pró Estado V.S Pró Mercado","2014-2014"
"193","PT",0.455555555555556,"Pró Estado V.S Pró Mercado","2014-2014"
"194","PMDB",0.544444444444445,"Pró Estado V.S Pró Mercado","2014-2014"
"195","PSDB",0.455555555555556,"Pró Estado V.S Pró Mercado","2014-2014"
"196","PMDB",0.455555555555556,"Pró Estado V.S Pró Mercado","2014-2014"
"197","PMDB",0.544444444444445,"Pró Estado V.S Pró Mercado","2014-2014"
"198","PT",0.455555555555556,"Pró Estado V.S Pró Mercado","2014-2014"
"199","PMDB",0.0444444444444445,"Pró Estado V.S Pró Mercado","2014-2014"
"200","PMDB",0.544444444444445,"Pró Estado V.S Pró Mercado","2014-2014"
"201","PT",0.294444444444444,"Pró Estado V.S Pró Mercado","2014-2014"
"202","PMDB",0.455555555555556,"Pró Estado V.S Pró Mercado","2014-2014"
"203","PT",0.544444444444445,"Pró Estado V.S Pró Mercado","2014-2014"
"204","PT",0.544444444444445,"Pró Estado V.S Pró Mercado","2014-2014"
"205","PT",0.544444444444445,"Pró Estado V.S Pró Mercado","2014-2014"
"206","PT",0.455555555555556,"Pró Estado V.S Pró Mercado","2014-2014"
"207","PMDB",0.455555555555556,"Pró Estado V.S Pró Mercado","2014-2014"
"208","PT",0.455555555555556,"Pró Estado V.S Pró Mercado","2014-2014"
"209","PT",0.455555555555556,"Pró Estado V.S Pró Mercado","2014-2014"
"210","PT",0.455555555555556,"Pró Estado V.S Pró Mercado","2014-2014"
"211","PT",0.544444444444445,"Pró Estado V.S Pró Mercado","2014-2014"
"212","PT",0.455555555555556,"Pró Estado V.S Pró Mercado","2014-2014"
"213","PT",0.455555555555556,"Pró Estado V.S Pró Mercado","2014-2014"
"214","PT",0.455555555555556,"Pró Estado V.S Pró Mercado","2014-2014"
"215","PSB",0.455555555555556,"Pró Estado V.S Pró Mercado","2014-2014"
"216","PMDB",0.544444444444445,"Pró Estado V.S Pró Mercado","2014-2014"
"217","PMDB",0.455555555555556,"Pró Estado V.S Pró Mercado","2014-2014"
"218","PT",0.205555555555556,"Pró Estado V.S Pró Mercado","2014-2014"
"219","PT",0.205555555555556,"Pró Estado V.S Pró Mercado","2014-2014"
"220","PT",0.205555555555556,"Pró Estado V.S Pró Mercado","2014-2014"
"221","PDT",0.455555555555556,"Pró Estado V.S Pró Mercado","2014-2014"
"222","PT",0.205555555555556,"Pró Estado V.S Pró Mercado","2014-2014"
"223","PT",0.544444444444445,"Pró Estado V.S Pró Mercado","2014-2014"
"224","PT",0.455555555555556,"Pró Estado V.S Pró Mercado","2014-2014"
"225","PT",0.0444444444444445,"Pró Estado V.S Pró Mercado","2014-2014"
"226","PT",0.0444444444444445,"Pró Estado V.S Pró Mercado","2014-2014"
"227","PMDB",0.544444444444445,"Pró Estado V.S Pró Mercado","2014-2014"
"228","PT",0.0444444444444445,"Pró Estado V.S Pró Mercado","2014-2014"
"229","PT",0.0444444444444445,"Pró Estado V.S Pró Mercado","2014-2014"
"230","PT",0.294444444444444,"Pró Estado V.S Pró Mercado","2014-2014"
"231","PSDB",0.455555555555556,"Pró Estado V.S Pró Mercado","2014-2014"
"232","PT",0.455555555555556,"Pró Estado V.S Pró Mercado","2014-2014"
"233","PT",0.455555555555556,"Pró Estado V.S Pró Mercado","2014-2014"
"234","PT",0.455555555555556,"Pró Estado V.S Pró Mercado","2014-2014"
"235","PT",0.205555555555556,"Pró Estado V.S Pró Mercado","2014-2014"
"236","PT",0.205555555555556,"Pró Estado V.S Pró Mercado","2014-2014"
"237","PT",0.205555555555556,"Pró Estado V.S Pró Mercado","2014-2014"
"238","PT",0.205555555555556,"Pró Estado V.S Pró Mercado","2014-2014"
"239","PMDB",0.294444444444444,"Pró Estado V.S Pró Mercado","2014-2014"
"240","PT",0.544444444444445,"Pró Estado V.S Pró Mercado","2014-2014"
"241","PSDB",0.544444444444445,"Pró Estado V.S Pró Mercado","2014-2014"
"242","PT",0.0444444444444445,"Pró Estado V.S Pró Mercado","2014-2014"
"243","PMDB",0.0444444444444445,"Pró Estado V.S Pró Mercado","2014-2014"
"244","PMDB",0.544444444444445,"Pró Estado V.S Pró Mercado","2014-2014"
"245","PMDB",0.455555555555556,"Pró Estado V.S Pró Mercado","2014-2014"
"246","PT",0.455555555555556,"Pró Estado V.S Pró Mercado","2014-2014"
"247","PT",0.544444444444445,"Pró Estado V.S Pró Mercado","2014-2014"
"248","PMDB",0.0444444444444445,"Pró Estado V.S Pró Mercado","2014-2014"
"249","PT",0.455555555555556,"Pró Estado V.S Pró Mercado","2014-2014"
"250","PT",0.0444444444444445,"Pró Estado V.S Pró Mercado","2014-2014"
"251","PT",0.455555555555556,"Pró Estado V.S Pró Mercado","2014-2014"
"252","PMDB",0.294444444444444,"Pró Estado V.S Pró Mercado","2014-2014"
"253","PT",0.0444444444444445,"Pró Estado V.S Pró Mercado","2014-2014"
"254","PMDB",0.455555555555556,"Pró Estado V.S Pró Mercado","2014-2014"
"255","PSDB",0.0444444444444445,"Pró Estado V.S Pró Mercado","2014-2014"
"256","PT",0.544444444444445,"Pró Estado V.S Pró Mercado","2014-2014"
"257","PT",0.455555555555556,"Pró Estado V.S Pró Mercado","2014-2014"
"258","PDT",0.0444444444444445,"Pró Estado V.S Pró Mercado","2014-2014"
"259","PT",0.0444444444444445,"Pró Estado V.S Pró Mercado","2014-2014"
"260","PT",0.205555555555556,"Pró Estado V.S Pró Mercado","2014-2014"
"261","PSDB",0.455555555555556,"Pró Estado V.S Pró Mercado","2014-2014"
"262","PMDB",0.544444444444445,"Pró Estado V.S Pró Mercado","2014-2014"
"263","PT",0.455555555555556,"Pró Estado V.S Pró Mercado","2014-2014"
"264","PT",0.544444444444445,"Pró Estado V.S Pró Mercado","2014-2014"
"265","PSDB",0.544444444444445,"Pró Estado V.S Pró Mercado","2014-2014"
"266","PT",0.205555555555556,"Pró Estado V.S Pró Mercado","2014-2014"
"267","PT",0.0444444444444445,"Pró Estado V.S Pró Mercado","2014-2014"
"268","PT",0.0444444444444445,"Pró Estado V.S Pró Mercado","2014-2014"
"269","PT",0.455555555555556,"Pró Estado V.S Pró Mercado","2014-2014"
"270","PSB",0.544444444444445,"Pró Estado V.S Pró Mercado","2014-2014"
"271","PT",0.0444444444444445,"Pró Estado V.S Pró Mercado","2014-2014"
"272","PMDB",0.544444444444445,"Pró Estado V.S Pró Mercado","2014-2014"
"273","PT",0.205555555555556,"Pró Estado V.S Pró Mercado","2014-2014"
"274","PT",0.0444444444444445,"Pró Estado V.S Pró Mercado","2014-2014"
"275","PSDB",0.0444444444444445,"Pró Estado V.S Pró Mercado","2014-2014"
"276","PMDB",0.544444444444445,"Pró Estado V.S Pró Mercado","2014-2014"
"277","PSDB",0.544444444444445,"Pró Estado V.S Pró Mercado","2014-2014"
"278","PT",0.544444444444445,"Pró Estado V.S Pró Mercado","2014-2014"
"279","PT",0.455555555555556,"Pró Estado V.S Pró Mercado","2014-2014"
"280","PMDB",0.0444444444444445,"Pró Estado V.S Pró Mercado","2014-2014"
"281","PT",0.455555555555556,"Pró Estado V.S Pró Mercado","2014-2014"
"282","PMDB",0.455555555555556,"Pró Estado V.S Pró Mercado","2014-2014"
"283","PMDB",0.455555555555556,"Pró Estado V.S Pró Mercado","2014-2014"
"284","PT",0.544444444444445,"Pró Estado V.S Pró Mercado","2014-2014"
"285","PMDB",0.294444444444444,"Pró Estado V.S Pró Mercado","2014-2014"
"286","PT",0.455555555555556,"Pró Estado V.S Pró Mercado","2014-2014"
"287","PSDB",0.544444444444445,"Pró Estado V.S Pró Mercado","2014-2014"
"288","PMDB",0.455555555555556,"Pró Estado V.S Pró Mercado","2014-2014"
"289","PMDB",0.455555555555556,"Pró Estado V.S Pró Mercado","2014-2014"
"290","PT",0.0444444444444445,"Pró Estado V.S Pró Mercado","2014-2014"
"291","PSDB",0.455555555555556,"Pró Estado V.S Pró Mercado","2014-2014"
"292","PMDB",0.0444444444444445,"Pró Estado V.S Pró Mercado","2014-2014"
"293","PMDB",0.455555555555556,"Pró Estado V.S Pró Mercado","2014-2014"
"294","PDT",0.0444444444444445,"Pró Estado V.S Pró Mercado","2014-2014"
"295","PT",0.544444444444445,"Pró Estado V.S Pró Mercado","2014-2014"
"296","PMDB",0.0444444444444445,"Pró Estado V.S Pró Mercado","2014-2014"
"297","PMDB",0.455555555555556,"Pró Estado V.S Pró Mercado","2014-2014"
"298","PMDB",0.205555555555556,"Pró Estado V.S Pró Mercado","2014-2014"
"299","PMDB",0.455555555555556,"Pró Estado V.S Pró Mercado","2014-2014"
"300","PMDB",0.294444444444444,"Pró Estado V.S Pró Mercado","2014-2014"
"301","PT",0.455555555555556,"Pró Estado V.S Pró Mercado","2014-2014"
"302","PT",0.544444444444445,"Pró Estado V.S Pró Mercado","2014-2014"
"303","PMDB",0.0444444444444445,"Pró Estado V.S Pró Mercado","2014-2014"
"304","PSDB",0.0444444444444445,"Pró Estado V.S Pró Mercado","2014-2014"
"305","PT",0.544444444444445,"Pró Estado V.S Pró Mercado","2014-2014"
"306","PMDB",0.455555555555556,"Pró Estado V.S Pró Mercado","2014-2014"
"307","PT",0.294444444444444,"Pró Estado V.S Pró Mercado","2014-2014"
"308","PT",0.205555555555556,"Pró Estado V.S Pró Mercado","2014-2014"
"309","PMDB",0.205555555555556,"Pró Estado V.S Pró Mercado","2014-2014"
"310","PSB",0.455555555555556,"Pró Estado V.S Pró Mercado","2014-2014"
"311","PDT",0.294444444444444,"Pró Estado V.S Pró Mercado","2014-2014"
"312","PT",0.205555555555556,"Pró Estado V.S Pró Mercado","2014-2014"
"313","PT",0.294444444444444,"Pró Estado V.S Pró Mercado","2014-2014"
"314","PT",0.455555555555556,"Pró Estado V.S Pró Mercado","2014-2014"
"315","PSDB",0.544444444444445,"Pró Estado V.S Pró Mercado","2014-2014"
"316","PT",0.294444444444444,"Pró Estado V.S Pró Mercado","2014-2014"
"317","PSDB",0.455555555555556,"Pró Estado V.S Pró Mercado","2014-2014"
"318","PT",0.544444444444445,"Pró Estado V.S Pró Mercado","2014-2014"
"319","PT",0.0444444444444445,"Pró Estado V.S Pró Mercado","2014-2014"
"320","PT",0.0444444444444445,"Pró Estado V.S Pró Mercado","2014-2014"
"321","PT",0.455555555555556,"Pró Estado V.S Pró Mercado","2014-2014"
"322","PT",0.455555555555556,"Pró Estado V.S Pró Mercado","2014-2014"
"323","PT",0.205555555555556,"Pró Estado V.S Pró Mercado","2014-2014"
"324","PT",0.544444444444445,"Pró Estado V.S Pró Mercado","2014-2014"
"325","PDT",0.0444444444444445,"Pró Estado V.S Pró Mercado","2014-2014"
"326","PMDB",0.544444444444445,"Pró Estado V.S Pró Mercado","2014-2014"
"327","PT",0.205555555555556,"Pró Estado V.S Pró Mercado","2014-2014"
"328","PMDB",0.544444444444445,"Pró Estado V.S Pró Mercado","2014-2014"
"329","PMDB",0.205555555555556,"Pró Estado V.S Pró Mercado","2014-2014"
"330","PSB",0.294444444444444,"Pró Estado V.S Pró Mercado","2014-2014"
"331","PMDB",0.294444444444444,"Pró Estado V.S Pró Mercado","2014-2014"
"332","PT",0.544444444444445,"Pró Estado V.S Pró Mercado","2014-2014"
"333","PMDB",0.455555555555556,"Pró Estado V.S Pró Mercado","2014-2014"
"334","PT",0.544444444444445,"Pró Estado V.S Pró Mercado","2014-2014"
"335","PMDB",0.205555555555556,"Pró Estado V.S Pró Mercado","2014-2014"
"336","PT",0.544444444444445,"Pró Estado V.S Pró Mercado","2014-2014"
"337","PT",0.544444444444445,"Pró Estado V.S Pró Mercado","2014-2014"
"338","PSB",0.455555555555556,"Pró Estado V.S Pró Mercado","2014-2014"
"339","PT",0.0444444444444445,"Pró Estado V.S Pró Mercado","2014-2014"
"340","PT",0.455555555555556,"Pró Estado V.S Pró Mercado","2014-2014"
"341","PT",0.205555555555556,"Pró Estado V.S Pró Mercado","2014-2014"
"342","PT",0.205555555555556,"Pró Estado V.S Pró Mercado","2014-2014"
"343","PMDB",0.544444444444445,"Pró Estado V.S Pró Mercado","2014-2014"
"344","PMDB",0.455555555555556,"Pró Estado V.S Pró Mercado","2014-2014"
"345","PT",0.544444444444445,"Pró Estado V.S Pró Mercado","2014-2014"
"346","PSDB",0.455555555555556,"Pró Estado V.S Pró Mercado","2014-2014"
"347","PMDB",0.0444444444444445,"Pró Estado V.S Pró Mercado","2014-2014"
"348","PDT",0.455555555555556,"Pró Estado V.S Pró Mercado","2014-2014"
"349","PT",0.544444444444445,"Pró Estado V.S Pró Mercado","2014-2014"
"350","PMDB",0.544444444444445,"Pró Estado V.S Pró Mercado","2014-2014"
"351","PMDB",0.544444444444445,"Pró Estado V.S Pró Mercado","2014-2014"
"352","PT",0.544444444444445,"Pró Estado V.S Pró Mercado","2014-2014"
"353","PT",0.455555555555556,"Pró Estado V.S Pró Mercado","2014-2014"
"354","PMDB",0.455555555555556,"Pró Estado V.S Pró Mercado","2014-2014"
"355","PMDB",0.455555555555556,"Pró Estado V.S Pró Mercado","2014-2014"
"356","PT",0.544444444444445,"Pró Estado V.S Pró Mercado","2014-2014"
"357","PT",0.294444444444444,"Pró Estado V.S Pró Mercado","2014-2014"
"358","PMDB",0.455555555555556,"Pró Estado V.S Pró Mercado","2014-2014"
"359","PT",0.0444444444444445,"Pró Estado V.S Pró Mercado","2014-2014"
"360","PMDB",0.0444444444444445,"Pró Estado V.S Pró Mercado","2014-2014"
"361","PDT",0.0444444444444445,"Pró Estado V.S Pró Mercado","2014-2014"
"362","PT",0.455555555555556,"Pró Estado V.S Pró Mercado","2014-2014"
"363","PT",0.455555555555556,"Pró Estado V.S Pró Mercado","2014-2014"
"364","PT",0.544444444444445,"Pró Estado V.S Pró Mercado","2014-2014"
"365","PT",0.455555555555556,"Pró Estado V.S Pró Mercado","2014-2014"
"366","PT",0.455555555555556,"Pró Estado V.S Pró Mercado","2014-2014"
"367","PMDB",0.455555555555556,"Pró Estado V.S Pró Mercado","2014-2014"
"368","PT",0.455555555555556,"Pró Estado V.S Pró Mercado","2014-2014"
"369","PT",0.455555555555556,"Pró Estado V.S Pró Mercado","2014-2014"
"370","PMDB",0.455555555555556,"Pró Estado V.S Pró Mercado","2014-2014"
"371","PMDB",0.205555555555556,"Pró Estado V.S Pró Mercado","2014-2014"
"372","PDT",0.455555555555556,"Pró Estado V.S Pró Mercado","2014-2014"
"373","PMDB",0.294444444444444,"Pró Estado V.S Pró Mercado","2014-2014"
"374","PT",0.455555555555556,"Pró Estado V.S Pró Mercado","2014-2014"
"375","PDT",0.544444444444445,"Pró Estado V.S Pró Mercado","2014-2014"
"376","PMDB",0.544444444444445,"Pró Estado V.S Pró Mercado","2014-2014"
"377","PT",0.0444444444444445,"Pró Estado V.S Pró Mercado","2014-2014"
"378","PT",0.0444444444444445,"Pró Estado V.S Pró Mercado","2014-2014"
"379","PT",0.0444444444444445,"Pró Estado V.S Pró Mercado","2014-2014"
"380","PT",0.0444444444444445,"Pró Estado V.S Pró Mercado","2014-2014"
"381","PSDB",0.205555555555556,"Pró Estado V.S Pró Mercado","2014-2014"
"382","PMDB",0.205555555555556,"Pró Estado V.S Pró Mercado","2014-2014"
"383","PSB",0.544444444444445,"Pró Estado V.S Pró Mercado","2014-2014"
"384","PT",0.544444444444445,"Pró Estado V.S Pró Mercado","2014-2014"
"385","PMDB",0.205555555555556,"Pró Estado V.S Pró Mercado","2014-2014"
"386","PT",0.544444444444445,"Pró Estado V.S Pró Mercado","2014-2014"
"387","PMDB",0.205555555555556,"Pró Estado V.S Pró Mercado","2014-2014"
"388","PT",0.544444444444445,"Pró Estado V.S Pró Mercado","2014-2014"
"389","PT",0.0444444444444445,"Pró Estado V.S Pró Mercado","2014-2014"
"390","PT",0.544444444444445,"Pró Estado V.S Pró Mercado","2014-2014"
"391","PT",0.544444444444445,"Pró Estado V.S Pró Mercado","2014-2014"
"392","PT",0.455555555555556,"Pró Estado V.S Pró Mercado","2014-2014"
"393","PSDB",0.455555555555556,"Pró Estado V.S Pró Mercado","2014-2014"
"394","PT",0.455555555555556,"Pró Estado V.S Pró Mercado","2014-2014"
"395","PMDB",0.544444444444445,"Pró Estado V.S Pró Mercado","2014-2014"
"396","PSDB",0.544444444444445,"Pró Estado V.S Pró Mercado","2014-2014"
"397","PT",0.544444444444445,"Pró Estado V.S Pró Mercado","2014-2014"
"398","PSDB",0.455555555555556,"Pró Estado V.S Pró Mercado","2014-2014"
"399","PDT",0.544444444444445,"Pró Estado V.S Pró Mercado","2014-2014"
"400","PT",0.205555555555556,"Pró Estado V.S Pró Mercado","2014-2014"
"401","PT",0.0444444444444445,"Pró Estado V.S Pró Mercado","2014-2014"
"402","PMDB",0.205555555555556,"Pró Estado V.S Pró Mercado","2014-2014"
"403","PSDB",0.0444444444444445,"Pró Estado V.S Pró Mercado","2014-2014"
"404","PMDB",0.455555555555556,"Pró Estado V.S Pró Mercado","2014-2014"
"405","PT",0.294444444444444,"Pró Estado V.S Pró Mercado","2014-2014"
"406","PT",0.0444444444444445,"Pró Estado V.S Pró Mercado","2014-2014"
"407","PSDB",0.544444444444445,"Pró Estado V.S Pró Mercado","2014-2014"
"408","PT",0.294444444444444,"Pró Estado V.S Pró Mercado","2014-2014"
"409","PT",0.455555555555556,"Pró Estado V.S Pró Mercado","2014-2014"
"410","PDT",0.294444444444444,"Pró Estado V.S Pró Mercado","2014-2014"
"411","PMDB",0.294444444444444,"Pró Estado V.S Pró Mercado","2014-2014"
"412","PT",0.0444444444444445,"Pró Estado V.S Pró Mercado","2014-2014"
"413","PSDB",0.544444444444445,"Pró Estado V.S Pró Mercado","2014-2014"
"414","PT",0.205555555555556,"Pró Estado V.S Pró Mercado","2014-2014"
"415","PSDB",0.0444444444444445,"Pró Estado V.S Pró Mercado","2014-2014"
"416","PT",0.294444444444444,"Pró Estado V.S Pró Mercado","2014-2014"
"417","PT",0.544444444444445,"Pró Estado V.S Pró Mercado","2014-2014"
"418","PSDB",0.177777777777778,"Pró Aborto V.S. Contra Aborto","2014-2014"
"419","PT",0.377777777777778,"Pró Aborto V.S. Contra Aborto","2014-2014"
"420","PSDB",0.155555555555556,"Pró Aborto V.S. Contra Aborto","2014-2014"
"421","PSB",0.0666666666666667,"Pró Aborto V.S. Contra Aborto","2014-2014"
"422","PSB",0.377777777777778,"Pró Aborto V.S. Contra Aborto","2014-2014"
"423","PT",0.377777777777778,"Pró Aborto V.S. Contra Aborto","2014-2014"
"424","PSDB",0.0444444444444444,"Pró Aborto V.S. Contra Aborto","2014-2014"
"425","PMDB",0.377777777777778,"Pró Aborto V.S. Contra Aborto","2014-2014"
"426","PDT",0.155555555555556,"Pró Aborto V.S. Contra Aborto","2014-2014"
"427","PDT",0.377777777777778,"Pró Aborto V.S. Contra Aborto","2014-2014"
"428","PMDB",0.377777777777778,"Pró Aborto V.S. Contra Aborto","2014-2014"
"429","PT",0.377777777777778,"Pró Aborto V.S. Contra Aborto","2014-2014"
"430","PT",0.377777777777778,"Pró Aborto V.S. Contra Aborto","2014-2014"
"431","PT",0.377777777777778,"Pró Aborto V.S. Contra Aborto","2014-2014"
"432","PT",0.377777777777778,"Pró Aborto V.S. Contra Aborto","2014-2014"
"433","PT",0.0666666666666667,"Pró Aborto V.S. Contra Aborto","2014-2014"
"434","PT",0.377777777777778,"Pró Aborto V.S. Contra Aborto","2014-2014"
"435","PT",0.622222222222222,"Pró Aborto V.S. Contra Aborto","2014-2014"
"436","PT",0.0666666666666667,"Pró Aborto V.S. Contra Aborto","2014-2014"
"437","PT",0.0666666666666667,"Pró Aborto V.S. Contra Aborto","2014-2014"
"438","PT",0.377777777777778,"Pró Aborto V.S. Contra Aborto","2014-2014"
"439","PMDB",0.377777777777778,"Pró Aborto V.S. Contra Aborto","2014-2014"
"440","PSDB",0.0666666666666667,"Pró Aborto V.S. Contra Aborto","2014-2014"
"441","PT",0.0666666666666667,"Pró Aborto V.S. Contra Aborto","2014-2014"
"442","PSDB",0.377777777777778,"Pró Aborto V.S. Contra Aborto","2014-2014"
"443","PSDB",0.377777777777778,"Pró Aborto V.S. Contra Aborto","2014-2014"
"444","PT",0.377777777777778,"Pró Aborto V.S. Contra Aborto","2014-2014"
"445","PT",0.377777777777778,"Pró Aborto V.S. Contra Aborto","2014-2014"
"446","PT",0.377777777777778,"Pró Aborto V.S. Contra Aborto","2014-2014"
"447","PDT",0.377777777777778,"Pró Aborto V.S. Contra Aborto","2014-2014"
"448","PT",0.377777777777778,"Pró Aborto V.S. Contra Aborto","2014-2014"
"449","PT",0.377777777777778,"Pró Aborto V.S. Contra Aborto","2014-2014"
"450","PSDB",0.377777777777778,"Pró Aborto V.S. Contra Aborto","2014-2014"
"451","PSB",0.377777777777778,"Pró Aborto V.S. Contra Aborto","2014-2014"
"452","PSDB",0.377777777777778,"Pró Aborto V.S. Contra Aborto","2014-2014"
"453","PSDB",0.377777777777778,"Pró Aborto V.S. Contra Aborto","2014-2014"
"454","PMDB",0.377777777777778,"Pró Aborto V.S. Contra Aborto","2014-2014"
"455","PMDB",0.377777777777778,"Pró Aborto V.S. Contra Aborto","2014-2014"
"456","PT",0.377777777777778,"Pró Aborto V.S. Contra Aborto","2014-2014"
"457","PSDB",0.377777777777778,"Pró Aborto V.S. Contra Aborto","2014-2014"
"458","PT",0.266666666666667,"Pró Aborto V.S. Contra Aborto","2014-2014"
"459","PMDB",0.266666666666667,"Pró Aborto V.S. Contra Aborto","2014-2014"
"460","PMDB",0.266666666666667,"Pró Aborto V.S. Contra Aborto","2014-2014"
"461","PT",0.377777777777778,"Pró Aborto V.S. Contra Aborto","2014-2014"
"462","PMDB",0.377777777777778,"Pró Aborto V.S. Contra Aborto","2014-2014"
"463","PSDB",0.377777777777778,"Pró Aborto V.S. Contra Aborto","2014-2014"
"464","PT",0.377777777777778,"Pró Aborto V.S. Contra Aborto","2014-2014"
"465","PT",0.377777777777778,"Pró Aborto V.S. Contra Aborto","2014-2014"
"466","PT",0.155555555555556,"Pró Aborto V.S. Contra Aborto","2014-2014"
"467","PSDB",0.622222222222222,"Pró Aborto V.S. Contra Aborto","2014-2014"
"468","PT",0.377777777777778,"Pró Aborto V.S. Contra Aborto","2014-2014"
"469","PT",0.0666666666666667,"Pró Aborto V.S. Contra Aborto","2014-2014"
"470","PSDB",0.377777777777778,"Pró Aborto V.S. Contra Aborto","2014-2014"
"471","PMDB",0.622222222222222,"Pró Aborto V.S. Contra Aborto","2014-2014"
"472","PT",0.155555555555556,"Pró Aborto V.S. Contra Aborto","2014-2014"
"473","PSDB",0.177777777777778,"Pró Aborto V.S. Contra Aborto","2014-2014"
"474","PT",0.377777777777778,"Pró Aborto V.S. Contra Aborto","2014-2014"
"475","PT",0.377777777777778,"Pró Aborto V.S. Contra Aborto","2014-2014"
"476","PSDB",0.377777777777778,"Pró Aborto V.S. Contra Aborto","2014-2014"
"477","PT",0.377777777777778,"Pró Aborto V.S. Contra Aborto","2014-2014"
"478","PT",0.377777777777778,"Pró Aborto V.S. Contra Aborto","2014-2014"
"479","PT",0.377777777777778,"Pró Aborto V.S. Contra Aborto","2014-2014"
"480","PT",0.377777777777778,"Pró Aborto V.S. Contra Aborto","2014-2014"
"481","PT",0.0444444444444444,"Pró Aborto V.S. Contra Aborto","2014-2014"
"482","PMDB",0.4,"Pró Aborto V.S. Contra Aborto","2014-2014"
"483","PT",0.177777777777778,"Pró Aborto V.S. Contra Aborto","2014-2014"
"484","PSDB",0.377777777777778,"Pró Aborto V.S. Contra Aborto","2014-2014"
"485","PSDB",0.377777777777778,"Pró Aborto V.S. Contra Aborto","2014-2014"
"486","PMDB",0.377777777777778,"Pró Aborto V.S. Contra Aborto","2014-2014"
"487","PT",0.377777777777778,"Pró Aborto V.S. Contra Aborto","2014-2014"
"488","PT",0.377777777777778,"Pró Aborto V.S. Contra Aborto","2014-2014"
"489","PT",0.377777777777778,"Pró Aborto V.S. Contra Aborto","2014-2014"
"490","PSDB",0.377777777777778,"Pró Aborto V.S. Contra Aborto","2014-2014"
"491","PT",0.377777777777778,"Pró Aborto V.S. Contra Aborto","2014-2014"
"492","PMDB",0.377777777777778,"Pró Aborto V.S. Contra Aborto","2014-2014"
"493","PSDB",0.377777777777778,"Pró Aborto V.S. Contra Aborto","2014-2014"
"494","PMDB",0.377777777777778,"Pró Aborto V.S. Contra Aborto","2014-2014"
"495","PSDB",0.377777777777778,"Pró Aborto V.S. Contra Aborto","2014-2014"
"496","PMDB",0.0666666666666667,"Pró Aborto V.S. Contra Aborto","2014-2014"
"497","PT",0.377777777777778,"Pró Aborto V.S. Contra Aborto","2014-2014"
"498","PMDB",0.377777777777778,"Pró Aborto V.S. Contra Aborto","2014-2014"
"499","PT",0.377777777777778,"Pró Aborto V.S. Contra Aborto","2014-2014"
"500","PMDB",0.288888888888889,"Pró Aborto V.S. Contra Aborto","2014-2014"
"501","PT",0.377777777777778,"Pró Aborto V.S. Contra Aborto","2014-2014"
"502","PSB",0.377777777777778,"Pró Aborto V.S. Contra Aborto","2014-2014"
"503","PSB",0.377777777777778,"Pró Aborto V.S. Contra Aborto","2014-2014"
"504","PSB",0.377777777777778,"Pró Aborto V.S. Contra Aborto","2014-2014"
"505","PT",0.377777777777778,"Pró Aborto V.S. Contra Aborto","2014-2014"
"506","PT",0.377777777777778,"Pró Aborto V.S. Contra Aborto","2014-2014"
"507","PT",0.377777777777778,"Pró Aborto V.S. Contra Aborto","2014-2014"
"508","PT",0.377777777777778,"Pró Aborto V.S. Contra Aborto","2014-2014"
"509","PT",0.0666666666666667,"Pró Aborto V.S. Contra Aborto","2014-2014"
"510","PT",0.377777777777778,"Pró Aborto V.S. Contra Aborto","2014-2014"
"511","PSDB",0.377777777777778,"Pró Aborto V.S. Contra Aborto","2014-2014"
"512","PSB",0.377777777777778,"Pró Aborto V.S. Contra Aborto","2014-2014"
"513","PSB",0.511111111111111,"Pró Aborto V.S. Contra Aborto","2014-2014"
"514","PSB",0.288888888888889,"Pró Aborto V.S. Contra Aborto","2014-2014"
"515","PT",0.377777777777778,"Pró Aborto V.S. Contra Aborto","2014-2014"
"516","PT",0.377777777777778,"Pró Aborto V.S. Contra Aborto","2014-2014"
"517","PT",0.377777777777778,"Pró Aborto V.S. Contra Aborto","2014-2014"
"518","PT",0.377777777777778,"Pró Aborto V.S. Contra Aborto","2014-2014"
"519","PMDB",0.266666666666667,"Pró Aborto V.S. Contra Aborto","2014-2014"
"520","PSB",0.266666666666667,"Pró Aborto V.S. Contra Aborto","2014-2014"
"521","PMDB",0.377777777777778,"Pró Aborto V.S. Contra Aborto","2014-2014"
"522","PT",0.377777777777778,"Pró Aborto V.S. Contra Aborto","2014-2014"
"523","PSDB",0.377777777777778,"Pró Aborto V.S. Contra Aborto","2014-2014"
"524","PSB",0.377777777777778,"Pró Aborto V.S. Contra Aborto","2014-2014"
"525","PMDB",0.377777777777778,"Pró Aborto V.S. Contra Aborto","2014-2014"
"526","PT",0.377777777777778,"Pró Aborto V.S. Contra Aborto","2014-2014"
"527","PDT",0.0666666666666667,"Pró Aborto V.S. Contra Aborto","2014-2014"
"528","PT",0.377777777777778,"Pró Aborto V.S. Contra Aborto","2014-2014"
"529","PDT",0.377777777777778,"Pró Aborto V.S. Contra Aborto","2014-2014"
"530","PT",0.377777777777778,"Pró Aborto V.S. Contra Aborto","2014-2014"
"531","PSDB",0.155555555555556,"Pró Aborto V.S. Contra Aborto","2014-2014"
"532","PT",0.377777777777778,"Pró Aborto V.S. Contra Aborto","2014-2014"
"533","PT",0.0666666666666667,"Pró Aborto V.S. Contra Aborto","2014-2014"
"534","PMDB",0.0666666666666667,"Pró Aborto V.S. Contra Aborto","2014-2014"
"535","PMDB",0.377777777777778,"Pró Aborto V.S. Contra Aborto","2014-2014"
"536","PSDB",0.377777777777778,"Pró Aborto V.S. Contra Aborto","2014-2014"
"537","PT",0.0666666666666667,"Pró Aborto V.S. Contra Aborto","2014-2014"
"538","PDT",0.0666666666666667,"Pró Aborto V.S. Contra Aborto","2014-2014"
"539","PT",0.377777777777778,"Pró Aborto V.S. Contra Aborto","2014-2014"
"540","PT",0.0666666666666667,"Pró Aborto V.S. Contra Aborto","2014-2014"
"541","PMDB",0.377777777777778,"Pró Aborto V.S. Contra Aborto","2014-2014"
"542","PDT",0.377777777777778,"Pró Aborto V.S. Contra Aborto","2014-2014"
"543","PT",0.377777777777778,"Pró Aborto V.S. Contra Aborto","2014-2014"
"544","PT",0.377777777777778,"Pró Aborto V.S. Contra Aborto","2014-2014"
"545","PT",0.177777777777778,"Pró Aborto V.S. Contra Aborto","2014-2014"
"546","PT",0.377777777777778,"Pró Aborto V.S. Contra Aborto","2014-2014"
"547","PT",0.377777777777778,"Pró Aborto V.S. Contra Aborto","2014-2014"
"548","PT",0.377777777777778,"Pró Aborto V.S. Contra Aborto","2014-2014"
"549","PT",0.0444444444444444,"Pró Aborto V.S. Contra Aborto","2014-2014"
"550","PDT",0.377777777777778,"Pró Aborto V.S. Contra Aborto","2014-2014"
"551","PT",0.377777777777778,"Pró Aborto V.S. Contra Aborto","2014-2014"
"552","PSB",0.377777777777778,"Pró Aborto V.S. Contra Aborto","2014-2014"
"553","PT",0.377777777777778,"Pró Aborto V.S. Contra Aborto","2014-2014"
"554","PT",0.288888888888889,"Pró Aborto V.S. Contra Aborto","2014-2014"
"555","PDT",0.377777777777778,"Pró Aborto V.S. Contra Aborto","2014-2014"
"556","PDT",0.377777777777778,"Pró Aborto V.S. Contra Aborto","2014-2014"
"557","PMDB",0.377777777777778,"Pró Aborto V.S. Contra Aborto","2014-2014"
"558","PMDB",0.377777777777778,"Pró Aborto V.S. Contra Aborto","2014-2014"
"559","PMDB",0.377777777777778,"Pró Aborto V.S. Contra Aborto","2014-2014"
"560","PMDB",0.377777777777778,"Pró Aborto V.S. Contra Aborto","2014-2014"
"561","PDT",0.377777777777778,"Pró Aborto V.S. Contra Aborto","2014-2014"
"562","PT",0.377777777777778,"Pró Aborto V.S. Contra Aborto","2014-2014"
"563","PT",0.377777777777778,"Pró Aborto V.S. Contra Aborto","2014-2014"
"564","PT",0.377777777777778,"Pró Aborto V.S. Contra Aborto","2014-2014"
"565","PDT",0.377777777777778,"Pró Aborto V.S. Contra Aborto","2014-2014"
"566","PT",0.622222222222222,"Pró Aborto V.S. Contra Aborto","2014-2014"
"567","PSB",0.377777777777778,"Pró Aborto V.S. Contra Aborto","2014-2014"
"568","PT",0.377777777777778,"Pró Aborto V.S. Contra Aborto","2014-2014"
"569","PSDB",0.622222222222222,"Pró Aborto V.S. Contra Aborto","2014-2014"
"570","PSDB",0.0666666666666667,"Pró Aborto V.S. Contra Aborto","2014-2014"
"571","PT",0.511111111111111,"Pró Aborto V.S. Contra Aborto","2014-2014"
"572","PT",0.377777777777778,"Pró Aborto V.S. Contra Aborto","2014-2014"
"573","PSDB",0.377777777777778,"Pró Aborto V.S. Contra Aborto","2014-2014"
"574","PT",0.622222222222222,"Pró Aborto V.S. Contra Aborto","2014-2014"
"575","PT",0.288888888888889,"Pró Aborto V.S. Contra Aborto","2014-2014"
"576","PT",0.377777777777778,"Pró Aborto V.S. Contra Aborto","2014-2014"
"577","PSDB",0.0666666666666667,"Pró Aborto V.S. Contra Aborto","2014-2014"
"578","PSDB",0.377777777777778,"Pró Aborto V.S. Contra Aborto","2014-2014"
"579","PT",0.377777777777778,"Pró Aborto V.S. Contra Aborto","2014-2014"
"580","PT",0.377777777777778,"Pró Aborto V.S. Contra Aborto","2014-2014"
"581","PT",0.377777777777778,"Pró Aborto V.S. Contra Aborto","2014-2014"
"582","PT",0.266666666666667,"Pró Aborto V.S. Contra Aborto","2014-2014"
"583","PT",0.377777777777778,"Pró Aborto V.S. Contra Aborto","2014-2014"
"584","PT",0.266666666666667,"Pró Aborto V.S. Contra Aborto","2014-2014"
"585","PT",0.377777777777778,"Pró Aborto V.S. Contra Aborto","2014-2014"
"586","PSDB",0.266666666666667,"Pró Aborto V.S. Contra Aborto","2014-2014"
"587","PT",0.0444444444444444,"Pró Aborto V.S. Contra Aborto","2014-2014"
"588","PSDB",0.377777777777778,"Pró Aborto V.S. Contra Aborto","2014-2014"
"589","PSDB",0.622222222222222,"Pró Aborto V.S. Contra Aborto","2014-2014"
"590","PSDB",0.177777777777778,"Pró Aborto V.S. Contra Aborto","2014-2014"
"591","PMDB",0.377777777777778,"Pró Aborto V.S. Contra Aborto","2014-2014"
"592","PSDB",0.377777777777778,"Pró Aborto V.S. Contra Aborto","2014-2014"
"593","PMDB",0.377777777777778,"Pró Aborto V.S. Contra Aborto","2014-2014"
"594","PSB",0.0666666666666667,"Pró Aborto V.S. Contra Aborto","2014-2014"
"595","PSDB",0.266666666666667,"Pró Aborto V.S. Contra Aborto","2014-2014"
"596","PT",0.377777777777778,"Pró Aborto V.S. Contra Aborto","2014-2014"
"597","PMDB",0.377777777777778,"Pró Aborto V.S. Contra Aborto","2014-2014"
"598","PT",0.377777777777778,"Pró Aborto V.S. Contra Aborto","2014-2014"
"599","PSDB",0.377777777777778,"Pró Aborto V.S. Contra Aborto","2014-2014"
"600","PDT",0.622222222222222,"Pró Aborto V.S. Contra Aborto","2014-2014"
"601","PT",0.377777777777778,"Pró Aborto V.S. Contra Aborto","2014-2014"
"602","PMDB",0.377777777777778,"Pró Aborto V.S. Contra Aborto","2014-2014"
"603","PMDB",0.0666666666666667,"Pró Aborto V.S. Contra Aborto","2014-2014"
"604","PSDB",0.177777777777778,"Pró Aborto V.S. Contra Aborto","2014-2014"
"605","PDT",0.288888888888889,"Pró Aborto V.S. Contra Aborto","2014-2014"
"606","PDT",0.0444444444444444,"Pró Aborto V.S. Contra Aborto","2014-2014"
"607","PSDB",0.377777777777778,"Pró Aborto V.S. Contra Aborto","2014-2014"
"608","PT",0.377777777777778,"Pró Aborto V.S. Contra Aborto","2014-2014"
"609","PT",0.377777777777778,"Pró Aborto V.S. Contra Aborto","2014-2014"
"610","PMDB",0.377777777777778,"Pró Aborto V.S. Contra Aborto","2014-2014"
"611","PT",0.377777777777778,"Pró Aborto V.S. Contra Aborto","2014-2014"
"612","PMDB",0.155555555555556,"Pró Aborto V.S. Contra Aborto","2014-2014"
"613","PSDB",0.622222222222222,"Pró Aborto V.S. Contra Aborto","2014-2014"
"614","PMDB",0.377777777777778,"Pró Aborto V.S. Contra Aborto","2014-2014"
"615","PMDB",0.377777777777778,"Pró Aborto V.S. Contra Aborto","2014-2014"
"616","PT",0.266666666666667,"Pró Aborto V.S. Contra Aborto","2014-2014"
"617","PMDB",0.377777777777778,"Pró Aborto V.S. Contra Aborto","2014-2014"
"618","PMDB",0.377777777777778,"Pró Aborto V.S. Contra Aborto","2014-2014"
"619","PT",0.377777777777778,"Pró Aborto V.S. Contra Aborto","2014-2014"
"620","PMDB",0.377777777777778,"Pró Aborto V.S. Contra Aborto","2014-2014"
"621","PT",0.377777777777778,"Pró Aborto V.S. Contra Aborto","2014-2014"
"622","PT",0.377777777777778,"Pró Aborto V.S. Contra Aborto","2014-2014"
"623","PT",0.377777777777778,"Pró Aborto V.S. Contra Aborto","2014-2014"
"624","PT",0.377777777777778,"Pró Aborto V.S. Contra Aborto","2014-2014"
"625","PT",0.377777777777778,"Pró Aborto V.S. Contra Aborto","2014-2014"
"626","PMDB",0.377777777777778,"Pró Aborto V.S. Contra Aborto","2014-2014"
"627","PT",0.377777777777778,"Pró Aborto V.S. Contra Aborto","2014-2014"
"628","PT",0.377777777777778,"Pró Aborto V.S. Contra Aborto","2014-2014"
"629","PT",0.377777777777778,"Pró Aborto V.S. Contra Aborto","2014-2014"
"630","PT",0.511111111111111,"Pró Aborto V.S. Contra Aborto","2014-2014"
"631","PT",0.377777777777778,"Pró Aborto V.S. Contra Aborto","2014-2014"
"632","PT",0.377777777777778,"Pró Aborto V.S. Contra Aborto","2014-2014"
"633","PT",0.377777777777778,"Pró Aborto V.S. Contra Aborto","2014-2014"
"634","PSB",0.377777777777778,"Pró Aborto V.S. Contra Aborto","2014-2014"
"635","PMDB",0.377777777777778,"Pró Aborto V.S. Contra Aborto","2014-2014"
"636","PMDB",0.377777777777778,"Pró Aborto V.S. Contra Aborto","2014-2014"
"637","PT",0.377777777777778,"Pró Aborto V.S. Contra Aborto","2014-2014"
"638","PT",0.622222222222222,"Pró Aborto V.S. Contra Aborto","2014-2014"
"639","PT",0.377777777777778,"Pró Aborto V.S. Contra Aborto","2014-2014"
"640","PDT",0.377777777777778,"Pró Aborto V.S. Contra Aborto","2014-2014"
"641","PT",0.0444444444444444,"Pró Aborto V.S. Contra Aborto","2014-2014"
"642","PT",0.377777777777778,"Pró Aborto V.S. Contra Aborto","2014-2014"
"643","PT",0.377777777777778,"Pró Aborto V.S. Contra Aborto","2014-2014"
"644","PT",0.377777777777778,"Pró Aborto V.S. Contra Aborto","2014-2014"
"645","PT",0.377777777777778,"Pró Aborto V.S. Contra Aborto","2014-2014"
"646","PMDB",0.377777777777778,"Pró Aborto V.S. Contra Aborto","2014-2014"
"647","PT",0.377777777777778,"Pró Aborto V.S. Contra Aborto","2014-2014"
"648","PT",0.377777777777778,"Pró Aborto V.S. Contra Aborto","2014-2014"
"649","PT",0.377777777777778,"Pró Aborto V.S. Contra Aborto","2014-2014"
"650","PT",0.377777777777778,"Pró Aborto V.S. Contra Aborto","2014-2014"
"651","PSDB",0.377777777777778,"Pró Aborto V.S. Contra Aborto","2014-2014"
"652","PT",0.377777777777778,"Pró Aborto V.S. Contra Aborto","2014-2014"
"653","PT",0.0444444444444444,"Pró Aborto V.S. Contra Aborto","2014-2014"
"654","PT",0.377777777777778,"Pró Aborto V.S. Contra Aborto","2014-2014"
"655","PT",0.377777777777778,"Pró Aborto V.S. Contra Aborto","2014-2014"
"656","PT",0.377777777777778,"Pró Aborto V.S. Contra Aborto","2014-2014"
"657","PT",0.377777777777778,"Pró Aborto V.S. Contra Aborto","2014-2014"
"658","PT",0.377777777777778,"Pró Aborto V.S. Contra Aborto","2014-2014"
"659","PT",0.377777777777778,"Pró Aborto V.S. Contra Aborto","2014-2014"
"660","PT",0.377777777777778,"Pró Aborto V.S. Contra Aborto","2014-2014"
"661","PMDB",0.377777777777778,"Pró Aborto V.S. Contra Aborto","2014-2014"
"662","PT",0.4,"Pró Aborto V.S. Contra Aborto","2014-2014"
"663","PT",0.377777777777778,"Pró Aborto V.S. Contra Aborto","2014-2014"
"664","PSDB",0.377777777777778,"Pró Aborto V.S. Contra Aborto","2014-2014"
"665","PT",0.377777777777778,"Pró Aborto V.S. Contra Aborto","2014-2014"
"666","PMDB",0.377777777777778,"Pró Aborto V.S. Contra Aborto","2014-2014"
"667","PMDB",0.377777777777778,"Pró Aborto V.S. Contra Aborto","2014-2014"
"668","PMDB",0.377777777777778,"Pró Aborto V.S. Contra Aborto","2014-2014"
"669","PT",0.377777777777778,"Pró Aborto V.S. Contra Aborto","2014-2014"
"670","PT",0.377777777777778,"Pró Aborto V.S. Contra Aborto","2014-2014"
"671","PMDB",0.377777777777778,"Pró Aborto V.S. Contra Aborto","2014-2014"
"672","PT",0.177777777777778,"Pró Aborto V.S. Contra Aborto","2014-2014"
"673","PT",0.377777777777778,"Pró Aborto V.S. Contra Aborto","2014-2014"
"674","PT",0.266666666666667,"Pró Aborto V.S. Contra Aborto","2014-2014"
"675","PMDB",0.377777777777778,"Pró Aborto V.S. Contra Aborto","2014-2014"
"676","PT",0.377777777777778,"Pró Aborto V.S. Contra Aborto","2014-2014"
"677","PT",0.377777777777778,"Pró Aborto V.S. Contra Aborto","2014-2014"
"678","PMDB",0.377777777777778,"Pró Aborto V.S. Contra Aborto","2014-2014"
"679","PSDB",0.377777777777778,"Pró Aborto V.S. Contra Aborto","2014-2014"
"680","PT",0.377777777777778,"Pró Aborto V.S. Contra Aborto","2014-2014"
"681","PT",0.377777777777778,"Pró Aborto V.S. Contra Aborto","2014-2014"
"682","PDT",0.0444444444444444,"Pró Aborto V.S. Contra Aborto","2014-2014"
"683","PT",0.377777777777778,"Pró Aborto V.S. Contra Aborto","2014-2014"
"684","PT",0.377777777777778,"Pró Aborto V.S. Contra Aborto","2014-2014"
"685","PSDB",0.377777777777778,"Pró Aborto V.S. Contra Aborto","2014-2014"
"686","PMDB",0.4,"Pró Aborto V.S. Contra Aborto","2014-2014"
"687","PT",0.377777777777778,"Pró Aborto V.S. Contra Aborto","2014-2014"
"688","PT",0.377777777777778,"Pró Aborto V.S. Contra Aborto","2014-2014"
"689","PSDB",0.377777777777778,"Pró Aborto V.S. Contra Aborto","2014-2014"
"690","PT",0.155555555555556,"Pró Aborto V.S. Contra Aborto","2014-2014"
"691","PT",0.377777777777778,"Pró Aborto V.S. Contra Aborto","2014-2014"
"692","PT",0.377777777777778,"Pró Aborto V.S. Contra Aborto","2014-2014"
"693","PT",0.377777777777778,"Pró Aborto V.S. Contra Aborto","2014-2014"
"694","PSB",0.377777777777778,"Pró Aborto V.S. Contra Aborto","2014-2014"
"695","PT",0.0444444444444444,"Pró Aborto V.S. Contra Aborto","2014-2014"
"696","PMDB",0.377777777777778,"Pró Aborto V.S. Contra Aborto","2014-2014"
"697","PT",0.377777777777778,"Pró Aborto V.S. Contra Aborto","2014-2014"
"698","PSDB",0.377777777777778,"Pró Aborto V.S. Contra Aborto","2014-2014"
"699","PT",0.622222222222222,"Pró Aborto V.S. Contra Aborto","2014-2014"
"700","PSDB",0.0666666666666667,"Pró Aborto V.S. Contra Aborto","2014-2014"
"701","PMDB",0.377777777777778,"Pró Aborto V.S. Contra Aborto","2014-2014"
"702","PSDB",0.377777777777778,"Pró Aborto V.S. Contra Aborto","2014-2014"
"703","PT",0.377777777777778,"Pró Aborto V.S. Contra Aborto","2014-2014"
"704","PT",0.377777777777778,"Pró Aborto V.S. Contra Aborto","2014-2014"
"705","PMDB",0.377777777777778,"Pró Aborto V.S. Contra Aborto","2014-2014"
"706","PT",0.377777777777778,"Pró Aborto V.S. Contra Aborto","2014-2014"
"707","PMDB",0.177777777777778,"Pró Aborto V.S. Contra Aborto","2014-2014"
"708","PMDB",0.377777777777778,"Pró Aborto V.S. Contra Aborto","2014-2014"
"709","PT",0.377777777777778,"Pró Aborto V.S. Contra Aborto","2014-2014"
"710","PMDB",0.155555555555556,"Pró Aborto V.S. Contra Aborto","2014-2014"
"711","PT",0.377777777777778,"Pró Aborto V.S. Contra Aborto","2014-2014"
"712","PSDB",0.377777777777778,"Pró Aborto V.S. Contra Aborto","2014-2014"
"713","PMDB",0.377777777777778,"Pró Aborto V.S. Contra Aborto","2014-2014"
"714","PMDB",0.377777777777778,"Pró Aborto V.S. Contra Aborto","2014-2014"
"715","PT",0.377777777777778,"Pró Aborto V.S. Contra Aborto","2014-2014"
"716","PSDB",0.622222222222222,"Pró Aborto V.S. Contra Aborto","2014-2014"
"717","PMDB",0.377777777777778,"Pró Aborto V.S. Contra Aborto","2014-2014"
"718","PMDB",0.377777777777778,"Pró Aborto V.S. Contra Aborto","2014-2014"
"719","PDT",0.377777777777778,"Pró Aborto V.S. Contra Aborto","2014-2014"
"720","PT",0.622222222222222,"Pró Aborto V.S. Contra Aborto","2014-2014"
"721","PMDB",0.0666666666666667,"Pró Aborto V.S. Contra Aborto","2014-2014"
"722","PMDB",0.377777777777778,"Pró Aborto V.S. Contra Aborto","2014-2014"
"723","PMDB",0.266666666666667,"Pró Aborto V.S. Contra Aborto","2014-2014"
"724","PMDB",0.0666666666666667,"Pró Aborto V.S. Contra Aborto","2014-2014"
"725","PMDB",0.266666666666667,"Pró Aborto V.S. Contra Aborto","2014-2014"
"726","PT",0.377777777777778,"Pró Aborto V.S. Contra Aborto","2014-2014"
"727","PSDB",0.377777777777778,"Pró Aborto V.S. Contra Aborto","2014-2014"
"728","PT",0.377777777777778,"Pró Aborto V.S. Contra Aborto","2014-2014"
"729","PMDB",0.377777777777778,"Pró Aborto V.S. Contra Aborto","2014-2014"
"730","PSDB",0.0666666666666667,"Pró Aborto V.S. Contra Aborto","2014-2014"
"731","PT",0.377777777777778,"Pró Aborto V.S. Contra Aborto","2014-2014"
"732","PMDB",0.377777777777778,"Pró Aborto V.S. Contra Aborto","2014-2014"
"733","PT",0.377777777777778,"Pró Aborto V.S. Contra Aborto","2014-2014"
"734","PT",0.266666666666667,"Pró Aborto V.S. Contra Aborto","2014-2014"
"735","PMDB",0.377777777777778,"Pró Aborto V.S. Contra Aborto","2014-2014"
"736","PSB",0.377777777777778,"Pró Aborto V.S. Contra Aborto","2014-2014"
"737","PDT",0.377777777777778,"Pró Aborto V.S. Contra Aborto","2014-2014"
"738","PT",0.266666666666667,"Pró Aborto V.S. Contra Aborto","2014-2014"
"739","PT",0.0666666666666667,"Pró Aborto V.S. Contra Aborto","2014-2014"
"740","PT",0.377777777777778,"Pró Aborto V.S. Contra Aborto","2014-2014"
"741","PSDB",0.155555555555556,"Pró Aborto V.S. Contra Aborto","2014-2014"
"742","PT",0.155555555555556,"Pró Aborto V.S. Contra Aborto","2014-2014"
"743","PSDB",0.0444444444444444,"Pró Aborto V.S. Contra Aborto","2014-2014"
"744","PT",0.377777777777778,"Pró Aborto V.S. Contra Aborto","2014-2014"
"745","PT",0.266666666666667,"Pró Aborto V.S. Contra Aborto","2014-2014"
"746","PT",0.377777777777778,"Pró Aborto V.S. Contra Aborto","2014-2014"
"747","PT",0.377777777777778,"Pró Aborto V.S. Contra Aborto","2014-2014"
"748","PT",0.377777777777778,"Pró Aborto V.S. Contra Aborto","2014-2014"
"749","PT",0.377777777777778,"Pró Aborto V.S. Contra Aborto","2014-2014"
"750","PT",0.377777777777778,"Pró Aborto V.S. Contra Aborto","2014-2014"
"751","PDT",0.377777777777778,"Pró Aborto V.S. Contra Aborto","2014-2014"
"752","PMDB",0.377777777777778,"Pró Aborto V.S. Contra Aborto","2014-2014"
"753","PT",0.0666666666666667,"Pró Aborto V.S. Contra Aborto","2014-2014"
"754","PMDB",0.377777777777778,"Pró Aborto V.S. Contra Aborto","2014-2014"
"755","PMDB",0.377777777777778,"Pró Aborto V.S. Contra Aborto","2014-2014"
"756","PSB",0.377777777777778,"Pró Aborto V.S. Contra Aborto","2014-2014"
"757","PMDB",0.377777777777778,"Pró Aborto V.S. Contra Aborto","2014-2014"
"758","PT",0.377777777777778,"Pró Aborto V.S. Contra Aborto","2014-2014"
"759","PMDB",0.377777777777778,"Pró Aborto V.S. Contra Aborto","2014-2014"
"760","PT",0.377777777777778,"Pró Aborto V.S. Contra Aborto","2014-2014"
"761","PMDB",0.377777777777778,"Pró Aborto V.S. Contra Aborto","2014-2014"
"762","PT",0.377777777777778,"Pró Aborto V.S. Contra Aborto","2014-2014"
"763","PT",0.377777777777778,"Pró Aborto V.S. Contra Aborto","2014-2014"
"764","PT",0.622222222222222,"Pró Aborto V.S. Contra Aborto","2014-2014"
"765","PMDB",0.377777777777778,"Pró Aborto V.S. Contra Aborto","2014-2014"
"766","PSB",0.377777777777778,"Pró Aborto V.S. Contra Aborto","2014-2014"
"767","PT",0.377777777777778,"Pró Aborto V.S. Contra Aborto","2014-2014"
"768","PT",0.377777777777778,"Pró Aborto V.S. Contra Aborto","2014-2014"
"769","PT",0.377777777777778,"Pró Aborto V.S. Contra Aborto","2014-2014"
"770","PT",0.377777777777778,"Pró Aborto V.S. Contra Aborto","2014-2014"
"771","PMDB",0.377777777777778,"Pró Aborto V.S. Contra Aborto","2014-2014"
"772","PMDB",0.377777777777778,"Pró Aborto V.S. Contra Aborto","2014-2014"
"773","PT",0.0666666666666667,"Pró Aborto V.S. Contra Aborto","2014-2014"
"774","PSDB",0.377777777777778,"Pró Aborto V.S. Contra Aborto","2014-2014"
"775","PMDB",0.377777777777778,"Pró Aborto V.S. Contra Aborto","2014-2014"
"776","PDT",0.377777777777778,"Pró Aborto V.S. Contra Aborto","2014-2014"
"777","PT",0.377777777777778,"Pró Aborto V.S. Contra Aborto","2014-2014"
"778","PMDB",0.377777777777778,"Pró Aborto V.S. Contra Aborto","2014-2014"
"779","PMDB",0.377777777777778,"Pró Aborto V.S. Contra Aborto","2014-2014"
"780","PT",0.377777777777778,"Pró Aborto V.S. Contra Aborto","2014-2014"
"781","PT",0.377777777777778,"Pró Aborto V.S. Contra Aborto","2014-2014"
"782","PMDB",0.511111111111111,"Pró Aborto V.S. Contra Aborto","2014-2014"
"783","PMDB",0.155555555555556,"Pró Aborto V.S. Contra Aborto","2014-2014"
"784","PT",0.377777777777778,"Pró Aborto V.S. Contra Aborto","2014-2014"
"785","PT",0.377777777777778,"Pró Aborto V.S. Contra Aborto","2014-2014"
"786","PMDB",0.377777777777778,"Pró Aborto V.S. Contra Aborto","2014-2014"
"787","PT",0.377777777777778,"Pró Aborto V.S. Contra Aborto","2014-2014"
"788","PMDB",0.377777777777778,"Pró Aborto V.S. Contra Aborto","2014-2014"
"789","PDT",0.377777777777778,"Pró Aborto V.S. Contra Aborto","2014-2014"
"790","PT",0.288888888888889,"Pró Aborto V.S. Contra Aborto","2014-2014"
"791","PT",0.622222222222222,"Pró Aborto V.S. Contra Aborto","2014-2014"
"792","PT",0.622222222222222,"Pró Aborto V.S. Contra Aborto","2014-2014"
"793","PT",0.377777777777778,"Pró Aborto V.S. Contra Aborto","2014-2014"
"794","PT",0.377777777777778,"Pró Aborto V.S. Contra Aborto","2014-2014"
"795","PMDB",0.377777777777778,"Pró Aborto V.S. Contra Aborto","2014-2014"
"796","PT",0.622222222222222,"Pró Aborto V.S. Contra Aborto","2014-2014"
"797","PT",0.377777777777778,"Pró Aborto V.S. Contra Aborto","2014-2014"
"798","PMDB",0.511111111111111,"Pró Aborto V.S. Contra Aborto","2014-2014"
"799","PMDB",0.377777777777778,"Pró Aborto V.S. Contra Aborto","2014-2014"
"800","PDT",0.377777777777778,"Pró Aborto V.S. Contra Aborto","2014-2014"
"801","PMDB",0.377777777777778,"Pró Aborto V.S. Contra Aborto","2014-2014"
"802","PT",0.377777777777778,"Pró Aborto V.S. Contra Aborto","2014-2014"
"803","PDT",0.377777777777778,"Pró Aborto V.S. Contra Aborto","2014-2014"
"804","PMDB",0.377777777777778,"Pró Aborto V.S. Contra Aborto","2014-2014"
"805","PT",0.377777777777778,"Pró Aborto V.S. Contra Aborto","2014-2014"
"806","PT",0.377777777777778,"Pró Aborto V.S. Contra Aborto","2014-2014"
"807","PT",0.377777777777778,"Pró Aborto V.S. Contra Aborto","2014-2014"
"808","PT",0.377777777777778,"Pró Aborto V.S. Contra Aborto","2014-2014"
"809","PSDB",0.377777777777778,"Pró Aborto V.S. Contra Aborto","2014-2014"
"810","PDT",0.377777777777778,"Pró Aborto V.S. Contra Aborto","2014-2014"
"811","PMDB",0.377777777777778,"Pró Aborto V.S. Contra Aborto","2014-2014"
"812","PSB",0.377777777777778,"Pró Aborto V.S. Contra Aborto","2014-2014"
"813","PT",0.377777777777778,"Pró Aborto V.S. Contra Aborto","2014-2014"
"814","PMDB",0.377777777777778,"Pró Aborto V.S. Contra Aborto","2014-2014"
"815","PT",0.377777777777778,"Pró Aborto V.S. Contra Aborto","2014-2014"
"816","PMDB",0.377777777777778,"Pró Aborto V.S. Contra Aborto","2014-2014"
"817","PT",0.377777777777778,"Pró Aborto V.S. Contra Aborto","2014-2014"
"818","PT",0.377777777777778,"Pró Aborto V.S. Contra Aborto","2014-2014"
"819","PT",0.377777777777778,"Pró Aborto V.S. Contra Aborto","2014-2014"
"820","PT",0.377777777777778,"Pró Aborto V.S. Contra Aborto","2014-2014"
"821","PT",0.377777777777778,"Pró Aborto V.S. Contra Aborto","2014-2014"
"822","PT",0.266666666666667,"Pró Aborto V.S. Contra Aborto","2014-2014"
"823","PSDB",0.377777777777778,"Pró Aborto V.S. Contra Aborto","2014-2014"
"824","PT",0.377777777777778,"Pró Aborto V.S. Contra Aborto","2014-2014"
"825","PMDB",0.377777777777778,"Pró Aborto V.S. Contra Aborto","2014-2014"
"826","PSDB",0.377777777777778,"Pró Aborto V.S. Contra Aborto","2014-2014"
"827","PT",0.377777777777778,"Pró Aborto V.S. Contra Aborto","2014-2014"
"828","PSDB",0.377777777777778,"Pró Aborto V.S. Contra Aborto","2014-2014"
"829","PDT",0.377777777777778,"Pró Aborto V.S. Contra Aborto","2014-2014"
"830","PT",0.377777777777778,"Pró Aborto V.S. Contra Aborto","2014-2014"
"831","PT",0.377777777777778,"Pró Aborto V.S. Contra Aborto","2014-2014"
"832","PMDB",0.511111111111111,"Pró Aborto V.S. Contra Aborto","2014-2014"
"833","PSDB",0.622222222222222,"Pró Aborto V.S. Contra Aborto","2014-2014"
"834","PMDB",0.377777777777778,"Pró Aborto V.S. Contra Aborto","2014-2014"
"835","PT",0.266666666666667,"Pró Aborto V.S. Contra Aborto","2014-2014"
"836","PT",0.177777777777778,"Pró Aborto V.S. Contra Aborto","2014-2014"
"837","PSDB",0.377777777777778,"Pró Aborto V.S. Contra Aborto","2014-2014"
"838","PT",0.377777777777778,"Pró Aborto V.S. Contra Aborto","2014-2014"
"839","PT",0.377777777777778,"Pró Aborto V.S. Contra Aborto","2014-2014"
"840","PDT",0.377777777777778,"Pró Aborto V.S. Contra Aborto","2014-2014"
"841","PMDB",0.377777777777778,"Pró Aborto V.S. Contra Aborto","2014-2014"
"842","PT",0.622222222222222,"Pró Aborto V.S. Contra Aborto","2014-2014"
"843","PSDB",0.377777777777778,"Pró Aborto V.S. Contra Aborto","2014-2014"
"844","PT",0.0666666666666667,"Pró Aborto V.S. Contra Aborto","2014-2014"
"845","PSDB",0.0444444444444444,"Pró Aborto V.S. Contra Aborto","2014-2014"
"846","PSDB",0.377777777777778,"Pró Aborto V.S. Contra Aborto","2014-2014"
"847","PT",0.377777777777778,"Pró Aborto V.S. Contra Aborto","2014-2014"
"848","PT",0.377777777777778,"Pró Aborto V.S. Contra Aborto","2014-2014"
